{


  "Links": {
    "Self": "https://api.alphabank.com/open-banking/v3.1/aisp/accounts/22289/transactions?pg=2",
    "Last": "https://api.alphabank.com/open-banking/v3.1/aisp/accounts/22289/transactions?pg=20",
    "First": "https://api.alphabank.com/open-banking/v3.1/aisp/accounts/22289/transactions/",
    "Next": "https://api.alphabank.com/open-banking/v3.1/aisp/accounts/22289/transactions?pg=3",
    "Prev": "https://api.alphabank.com/open-banking/v3.1/aisp/accounts/22289/transactions?pg=1"
  },
  "Meta": {
    "TotalPages": 20,
    "FirstAvailableDateTime": "2017-05-03T00:00:00+00:00",
    "LastAvailableDateTime": "2017-12-03T00:00:00+00:00"
  }
}