{
  "Data": {
    "Initiation": {
      "EndToEndIdentification": "FRESCO.21302.GFX.20",
      "InstructedAmount": {
        "Amount": "165.88",
        "Currency": "GBP"
      },
      "CreditorAccount": {
        "SchemeName": "MyImaginaryScheme",
        "Identification": "08080021325698",
        "Name": "ACME Inc",
        "SecondaryIdentification": "0002"
      },
      "RemittanceInformation": {
        "Reference": "FRESCO-101",
        "Unstructured": "Internal ops code 5120101"
      }
    }
  },
  "Risk": {
    "PaymentContextCode": "EcommerceGoods",
    "MerchantCategoryCode": "5967",
    "MerchantCustomerIdentification": "053598653254",
    "DeliveryAddress": {
      "AddressLine": [
        "Flat 7",
        "Acacia Lodge"
      ],
      "StreetName": "Acacia Avenue",
      "BuildingNumber": "27",
      "PostCode": "GU31 2ZZ",
      "TownName": "Sparsholt",
      "CountySubDivision": [
        "Wessex"
      ],
      "Country": "UK"
    }
  }
}